indicator_name,mean,stddev,min,max,units,distribution,low_bound,high_bound
Brain Segmentation Volume,1179503.0,123491.45,859947.0,1641207.0,mm^3,Gaussian,776807.7615224904,1562374.9534594882
Brain Segmentation Volume Without Ventricles,1160939.4,121001.86,846655.0,1612178.0,mm^3,Gaussian,766284.5349976857,1536117.3074400257
Left hemisphere cortical gray matter volume,252280.7,26761.318,162582.0,352889.0,mm^3,Gaussian,168052.35791299405,333521.4414715675
Right hemisphere cortical gray matter volume,257739.02,27366.049,186387.0,359520.0,mm^3,Gaussian,170822.17023280478,341229.5177436636
Total cortical gray matter volume,510019.7,53916.68,368796.0,712409.0,mm^3,Gaussian,338344.1706889727,674908.4520391962
Subcortical gray matter volume,60933.426,5470.533,45972.0,77930.0,mm^3,Gaussian,44319.60936099008,76632.73451902391
Total gray matter volume,685983.94,67005.71,506293.0,905629.0,mm^3,Gaussian,469169.6788684458,895327.7433014787
Supratentorial volume,1032504.4,112285.83,748507.0,1461710.0,mm^3,Gaussian,668709.6100420053,1378658.2547186024
SupraTentorialVolNotVent,1017376.7,110162.56,730139.0,1437054.0,mm^3,Gaussian,658812.7166305867,1358139.0182895062
Left hemisphere cerebral white matter volume,220749.39,27895.385,153592.0,331667.0,mm^3,Gaussian,131333.6630202204,304436.7435557763
Right hemisphere cerebral white matter volume,223909.89,28282.16,157246.0,341572.0,mm^3,Gaussian,133503.43494240177,307996.2521625446
Total cerebral white matter volume,444659.25,56138.332,310837.0,673239.0,mm^3,Gaussian,265951.14429350605,611234.5091483003
Mask Volume,1642885.5,171658.39,1057583.0,2199392.0,mm^3,Gaussian,1078736.5144922403,2182519.612753186
Ratio of BrainSegVol to eTIV,0.7501107,0.050242037,0.667705,1.076711,None,None,0.6677049994468689,1.0767110586166382
Ratio of MaskVol to eTIV,1.0442647,0.05943538,0.939002,1.392379,None,None,0.9390019774436951,1.3923790454864502
Number of defect holes in lh surfaces prior to fixing,23.620844,8.336693,4.0,66.0,None,None,4.0,66.0
Number of defect holes in rh surfaces prior to fixing,24.009884,8.866226,5.0,65.0,None,None,5.0,65.0
Total number of defect holes in surfaces prior to fixing,47.630726,15.505245,11.0,116.0,None,None,11.0,116.0
Left-Lateral-Ventricle volume,6477.727,3610.971,1512.0,25798.0,mm^3,None,1512.0,25798.0
Left-Inf-Lat-Vent volume,219.76819,133.80057,7.0,1040.0,mm^3,None,7.0,1040.0
Left-Cerebellum-White-Matter volume,14575.545,1922.9242,9536.0,27358.0,mm^3,None,9536.0,27358.0
Left-Cerebellum-Cortex volume,57054.094,6100.92,40122.0,75365.0,mm^3,Gaussian,37217.610750707885,76339.86176901255
Left-Thalamus volume,8458.285,916.8962,5945.0,11399.0,mm^3,Gaussian,5487.281721864343,11343.956603432063
Left-Caudate volume,3808.999,476.0823,2575.0,5546.0,mm^3,Gaussian,2377.8499480648297,5140.364477817758
Left-Putamen volume,5519.139,733.16724,3663.0,7832.0,mm^3,Gaussian,3267.3744097644685,7737.700601374418
Left-Pallidum volume,1361.6954,235.67213,728.0,2325.0,mm^3,Gaussian,640.5474785987499,2051.917612483364
3rd-Ventricle volume,765.88586,239.74533,274.0,2801.0,mm^3,None,274.0,2801.0
4th-Ventricle volume,1762.5535,603.29944,419.0,6202.0,mm^3,None,419.0,6202.0
Brain-Stem volume,21841.783,2490.3362,14892.0,37176.0,mm^3,None,14892.0,37176.0
Left-Hippocampus volume,4421.6343,485.90045,1262.0,6037.0,mm^3,None,1262.0,6037.0
Left-Amygdala volume,1555.6693,204.31902,1029.0,2307.0,mm^3,Gaussian,919.443893233437,2148.585837607526
CSF volume,1062.0278,215.35103,462.0,1988.0,mm^3,None,462.0,1988.0
Left-Accumbens-area volume,564.4115,93.28151,317.0,1039.0,mm^3,None,317.0,1039.0
Left-VentralDC volume,4197.617,496.72375,2633.0,6154.0,mm^3,Gaussian,2654.0864551063733,5643.168860220072
Left-vessel volume,65.745735,38.4333,0.0,321.0,mm^3,None,0.0,321.0
Left-choroid-plexus volume,1122.3531,229.13171,321.0,2019.0,mm^3,None,321.0,2019.0
Right-Lateral-Ventricle volume,6003.5337,3242.4282,1188.0,27206.0,mm^3,None,1188.0,27206.0
Right-Inf-Lat-Vent volume,235.15813,149.47113,10.0,1491.0,mm^3,None,10.0,1491.0
Right-Cerebellum-White-Matter volume,14817.029,2011.0673,9495.0,23424.0,mm^3,None,9495.0,23424.0
Right-Thalamus volume,7395.513,778.7872,5406.0,10186.0,mm^3,Gaussian,4936.715797474382,9729.815531259395
Right-Caudate volume,3929.902,486.64697,2604.0,5749.0,mm^3,Gaussian,2470.589409451374,5286.05636761852
Right-Putamen volume,5582.4277,638.2995,3807.0,8102.0,mm^3,Gaussian,3683.812575320896,7434.025122457912
Right-Pallidum volume,1495.203,200.44821,747.0,2276.0,mm^3,None,747.0,2276.0
Right-Hippocampus volume,4487.0127,459.4583,2351.0,6053.0,mm^3,Gaussian,3089.199077689808,5827.273899147496
Right-Amygdala volume,1636.841,217.49397,1000.0,2847.0,mm^3,None,1000.0,2847.0
Right-Accumbens-area volume,599.6559,99.88607,324.0,907.0,mm^3,Gaussian,293.7441096158393,894.6084330043718
Right-VentralDC volume,4234.5303,483.3514,2601.0,6171.0,mm^3,Gaussian,2765.0997170690403,5612.801717453451
Right-vessel volume,75.14465,37.006588,2.0,278.0,mm^3,None,2.0,278.0
Right-choroid-plexus volume,1264.1257,285.05386,373.0,2361.0,mm^3,None,373.0,2361.0
5th-Ventricle volume,4.4645104,5.9212294,0.0,40.0,mm^3,None,0.0,40.0
WM-hypointensities volume,852.62177,408.56442,281.0,3221.0,mm^3,None,281.0,3221.0
Left-WM-hypointensities volume,0.0,0.0,0.0,0.0,mm^3,None,0.0,0.0
Right-WM-hypointensities volume,0.0,0.0,0.0,0.0,mm^3,None,0.0,0.0
Left-non-WM-hypointensities volume,0.0,0.0,0.0,0.0,mm^3,None,0.0,0.0
Right-non-WM-hypointensities volume,0.0,0.0,0.0,0.0,mm^3,None,0.0,0.0
Optic-Chiasm volume,231.02606,53.54237,30.0,483.0,mm^3,None,30.0,483.0
CC_Posterior volume,962.8841,148.4282,511.0,1506.0,mm^3,Gaussian,512.7696794309732,1396.159692718788
CC_Mid_Anterior volume,467.37646,99.35408,182.0,785.0,mm^3,Gaussian,160.22728543505343,763.472012708668
CC_Central volume,502.0458,108.25284,270.0,1145.0,mm^3,None,270.0,1145.0
CC_Anterior volume,893.80865,143.53041,537.0,1521.0,mm^3,Gaussian,448.86497595602293,1311.4134660164164
Left-Lateral-Ventricle number of voxels,6477.6855,3610.965,1512.0,25798.0,None,None,1512.0,25798.0
Left-Cerebellum-White-Matter number of voxels,14575.501,1922.9227,9536.0,27358.0,None,None,9536.0,27358.0
Left-Cerebellum-Cortex number of voxels,57054.047,6100.925,40122.0,75365.0,None,Gaussian,37217.61091865014,76339.86165404705
Left-Thalamus number of voxels,8458.237,916.90546,5945.0,11399.0,None,Gaussian,5487.281771543034,11343.95656662284
Left-Caudate number of voxels,3808.948,476.08792,2575.0,5546.0,None,Gaussian,2377.435818574469,5140.90417110815
Left-Putamen number of voxels,5519.087,733.16907,3663.0,7832.0,None,Gaussian,3267.3744066214626,7737.7006051909175
Left-Pallidum number of voxels,1361.655,235.66464,728.0,2325.0,None,Gaussian,640.004863187698,2052.521957491659
3rd-Ventricle number of voxels,765.8464,239.73735,274.0,2801.0,None,None,274.0,2801.0
4th-Ventricle number of voxels,1762.4941,603.2999,419.0,6202.0,None,None,419.0,6202.0
Brain-Stem number of voxels,21841.732,2490.3394,14891.0,37176.0,None,None,14891.0,37176.0
Left-Hippocampus number of voxels,4421.587,485.90332,1262.0,6037.0,None,None,1262.0,6037.0
Left-Amygdala number of voxels,1555.6182,204.31544,1029.0,2307.0,None,Gaussian,919.2453359861718,2148.6082094789463
CSF number of voxels,1061.9784,215.34158,462.0,1988.0,None,None,462.0,1988.0
Left-Accumbens-area number of voxels,564.3594,93.28269,317.0,1039.0,None,None,317.0,1039.0
Left-VentralDC number of voxels,4197.573,496.72717,2633.0,6154.0,None,Gaussian,2654.3289578462136,5643.1534942543585
Left-vessel number of voxels,65.690025,38.438126,0.0,321.0,None,None,0.0,321.0
Left-choroid-plexus number of voxels,1122.2974,229.13287,321.0,2019.0,None,None,321.0,2019.0
Right-Lateral-Ventricle number of voxels,6003.4907,3242.4294,1188.0,27206.0,None,None,1188.0,27206.0
Right-Inf-Lat-Vent number of voxels,235.10332,149.47324,10.0,1491.0,None,None,10.0,1491.0
Right-Cerebellum-White-Matter number of voxels,14816.977,2011.0883,9495.0,23424.0,None,None,9495.0,23424.0
Right-Thalamus number of voxels,7395.462,778.7724,5406.0,10186.0,None,Gaussian,4936.715690160848,9729.814502056299
Right-Caudate number of voxels,3929.868,486.6548,2604.0,5749.0,None,Gaussian,2470.589366269231,5286.056428531014
Right-Putamen number of voxels,5582.385,638.29285,3807.0,8102.0,None,Gaussian,3683.812692478128,7434.024990330212
Right-Pallidum number of voxels,1495.1428,200.4417,747.0,2276.0,None,None,747.0,2276.0
Right-Hippocampus number of voxels,4486.973,459.46286,2351.0,6053.0,None,Gaussian,3089.1990825924595,5827.273895085739
Right-Amygdala number of voxels,1636.8005,217.48578,1000.0,2847.0,None,None,1000.0,2847.0
Right-Accumbens-area number of voxels,599.6092,99.888245,324.0,907.0,None,Gaussian,293.71207723930246,894.6025706957744
Right-VentralDC number of voxels,4234.488,483.34982,2601.0,6171.0,None,Gaussian,2765.0997170026567,5612.801717618773
Right-vessel number of voxels,75.09704,37.003017,2.0,278.0,None,None,2.0,278.0
Right-choroid-plexus number of voxels,1264.0638,285.05496,373.0,2361.0,None,None,373.0,2361.0
5th-Ventricle number of voxels,4.432165,5.9059057,0.0,40.0,None,None,0.0,40.0
WM-hypointensities number of voxels,852.55615,408.55347,281.0,3221.0,None,None,281.0,3221.0
Left-WM-hypointensities number of voxels,0.0,0.0,0.0,0.0,None,None,0.0,0.0
Right-WM-hypointensities number of voxels,0.0,0.0,0.0,0.0,None,None,0.0,0.0
Left-non-WM-hypointensities number of voxels,0.0,0.0,0.0,0.0,None,None,0.0,0.0
Right-non-WM-hypointensities number of voxels,0.0,0.0,0.0,0.0,None,None,0.0,0.0
Optic-Chiasm number of voxels,230.97574,53.54155,29.0,483.0,None,None,29.0,483.0
CC_Posterior number of voxels,962.832,148.43282,511.0,1506.0,None,Gaussian,512.6295630758764,1396.335553929887
CC_Mid_Anterior number of voxels,467.31717,99.35276,182.0,785.0,None,Gaussian,160.17609155665474,763.2180812511117
CC_Central number of voxels,501.98563,108.24623,270.0,1144.0,None,None,270.0,1144.0
CC_Anterior number of voxels,893.75024,143.53189,537.0,1521.0,None,Gaussian,448.8650251007913,1311.4134407105116
left bankssts average thickness,2.676488,0.13778007,1.818,3.036,mm,None,1.8179999589920044,3.0360000133514404
left caudalanteriorcingulate average thickness,2.6850736,0.17257172,1.996,3.253,mm,Gaussian,2.1899666643847002,3.1805618750709552
left caudalmiddlefrontal average thickness,2.7314358,0.12297495,1.83,3.154,mm,None,1.8300000429153442,3.1540000438690186
left cuneus average thickness,2.078408,0.11460847,1.375,2.451,mm,None,1.375,2.4509999752044678
left entorhinal average thickness,3.2955787,0.24440145,2.284,4.317,mm,None,2.2839999198913574,4.316999912261963
left fusiform average thickness,2.8788831,0.11620598,1.852,3.288,mm,None,1.8519999980926514,3.2880001068115234
left inferiorparietal average thickness,2.5751681,0.10809806,1.826,2.966,mm,None,1.8259999752044678,2.9660000801086426
left inferiortemporal average thickness,2.936223,0.12570137,2.03,3.31,mm,None,2.0299999713897705,3.309999942779541
left isthmuscingulate average thickness,2.2774377,0.29928398,0.953,2.802,mm,None,0.953000009059906,2.802000045776367
left lateraloccipital average thickness,2.2882442,0.10681824,1.533,2.561,mm,None,1.5329999923706055,2.561000108718872
left lateralorbitofrontal average thickness,2.8123188,0.12372041,1.891,3.333,mm,None,1.8910000324249268,3.3329999446868896
left lingual average thickness,2.1718311,0.11327135,1.356,2.489,mm,None,1.3559999465942383,2.489000082015991
left medialorbitofrontal average thickness,2.5661798,0.15220091,1.799,3.177,mm,None,1.7990000247955322,3.177000045776367
left middletemporal average thickness,2.9793506,0.1290992,2.048,3.363,mm,None,2.0480000972747803,3.36299991607666
left parahippocampal average thickness,2.7189271,0.26397145,1.782,3.476,mm,Gaussian,1.9002008986012868,3.543961647857908
left paracentral average thickness,2.5524933,0.13196616,1.66,3.006,mm,None,1.659999966621399,3.00600004196167
left parsopercularis average thickness,2.782063,0.12127451,1.899,3.246,mm,None,1.8990000486373901,3.246000051498413
left parsorbitalis average thickness,2.7830863,0.14885527,1.904,3.196,mm,None,1.9040000438690186,3.196000099182129
left parstriangularis average thickness,2.63346,0.12600943,1.783,3.166,mm,None,1.7829999923706055,3.1659998893737793
left pericalcarine average thickness,1.9994196,0.11632382,1.374,2.453,mm,None,1.3739999532699585,2.453000068664551
left postcentral average thickness,2.2146676,0.10103501,1.564,2.553,mm,None,1.5640000104904175,2.552999973297119
left posteriorcingulate average thickness,2.560992,0.13137187,1.426,2.924,mm,None,1.4259999990463257,2.9240000247955322
left precentral average thickness,2.733494,0.11408758,1.776,3.127,mm,None,1.7760000228881836,3.127000093460083
left precuneus average thickness,2.5194573,0.11097944,1.744,2.825,mm,None,1.74399995803833,2.825000047683716
left rostralanteriorcingulate average thickness,3.0263703,0.181688,2.188,3.628,mm,None,2.187999963760376,3.628000020980835
left rostralmiddlefrontal average thickness,2.5722945,0.11553686,1.895,3.007,mm,None,1.8949999809265137,3.006999969482422
left superiorfrontal average thickness,2.8408642,0.12917225,2.047,3.264,mm,None,2.046999931335449,3.2639999389648438
left superiorparietal average thickness,2.2855086,0.10146288,1.625,2.549,mm,None,1.625,2.5490000247955322
left superiortemporal average thickness,2.891692,0.12782316,2.084,3.301,mm,None,2.0840001106262207,3.3010001182556152
left supramarginal average thickness,2.6547825,0.1137504,1.891,3.031,mm,None,1.8910000324249268,3.0309998989105225
left frontalpole average thickness,2.836133,0.20276031,1.938,3.649,mm,None,1.937999963760376,3.6489999294281006
left temporalpole average thickness,3.4176297,0.2721149,2.557,4.255,mm,Gaussian,2.6421714476992393,4.207462448021811
left transversetemporal average thickness,2.6594224,0.16739188,1.603,3.169,mm,None,1.6030000448226929,3.1689999103546143
left insula average thickness,3.0558245,0.14555842,2.134,3.458,mm,None,2.134000062942505,3.4579999446868896
right bankssts average thickness,2.7936256,0.1401547,2.242,3.246,mm,Gaussian,2.386191580952935,3.2005992427494414
right caudalanteriorcingulate average thickness,2.5186334,0.23260565,1.321,3.133,mm,None,1.3209999799728394,3.132999897003174
right caudalmiddlefrontal average thickness,2.749877,0.116930805,2.361,3.105,mm,Gaussian,2.3906067323812814,3.1060245018329593
right cuneus average thickness,2.0855849,0.11485618,1.667,2.451,mm,Gaussian,1.7375248002809278,2.437500130440909
right entorhinal average thickness,3.4177537,0.24554682,2.66,4.217,mm,Gaussian,2.6953407689905546,4.148889153284142
right fusiform average thickness,2.8968859,0.11032426,2.488,3.27,mm,Gaussian,2.575510195149249,3.228594572665304
right inferiorparietal average thickness,2.6455956,0.101982474,2.233,2.99,mm,Gaussian,2.3419844357577233,2.9529594639862085
right inferiortemporal average thickness,2.974389,0.12163782,2.561,3.31,mm,Gaussian,2.61206634063635,3.335302874806713
right isthmuscingulate average thickness,2.3223171,0.17161025,1.304,2.865,mm,None,1.3040000200271606,2.865000009536743
right lateraloccipital average thickness,2.339373,0.10858818,1.997,2.711,mm,Gaussian,2.0126969693109,2.6647174020134
right lateralorbitofrontal average thickness,2.830902,0.1243314,2.294,3.22,mm,Gaussian,2.4583357660691343,3.1998259255125507
right lingual average thickness,2.1875741,0.1172077,1.771,2.572,mm,Gaussian,1.846762222977116,2.53373329042239
right medialorbitofrontal average thickness,2.7392685,0.13507627,2.286,3.291,mm,Gaussian,2.3327653507742383,3.134558024444968
right middletemporal average thickness,3.0525804,0.1242352,2.587,3.407,mm,Gaussian,2.680981980138384,3.4178007086715168
right parahippocampal average thickness,2.698035,0.21430337,1.999,3.413,mm,Gaussian,2.061809811232076,3.323881777868326
right paracentral average thickness,2.5813394,0.12781322,2.145,2.996,mm,Gaussian,2.202533165604965,2.9605600877211646
right parsopercularis average thickness,2.8245265,0.123105936,2.381,3.253,mm,Gaussian,2.4587616932410468,3.1857183258947996
right parsorbitalis average thickness,2.8348167,0.15215148,1.709,3.5,mm,None,1.7089999914169312,3.5
right parstriangularis average thickness,2.695788,0.12275083,2.271,3.201,mm,Gaussian,2.3362355897131297,3.0501214030122363
right pericalcarine average thickness,2.0030959,0.12322464,1.582,2.403,mm,Gaussian,1.6394452654782625,2.3748112595072954
right postcentral average thickness,2.2369766,0.102652274,1.845,2.64,mm,Gaussian,1.9330227679473488,2.539434821425507
right posteriorcingulate average thickness,2.5265489,0.15074064,1.711,2.963,mm,None,1.7109999656677246,2.9630000591278076
right precentral average thickness,2.730275,0.11154314,2.186,3.111,mm,None,2.186000108718872,3.1110000610351562
right precuneus average thickness,2.5531833,0.10975028,2.153,2.884,mm,Gaussian,2.2235199821935745,2.8906507915628796
right rostralanteriorcingulate average thickness,3.014389,0.20062551,2.368,3.743,mm,Gaussian,2.425267383416098,3.6000066914068194
right rostralmiddlefrontal average thickness,2.5872014,0.11501942,2.115,2.961,mm,Gaussian,2.247430600929917,2.920605456179774
right superiorfrontal average thickness,2.8728986,0.12677382,2.414,3.292,mm,Gaussian,2.486110121849951,3.247728403430292
right superiorparietal average thickness,2.3240657,0.099790014,1.93,2.622,mm,Gaussian,2.0222229418145083,2.622262249705936
right superiortemporal average thickness,2.9439623,0.12623437,2.486,3.336,mm,Gaussian,2.566465976714364,3.3166897920457186
right supramarginal average thickness,2.7002678,0.11138935,2.297,3.024,mm,Gaussian,2.3666793220065965,3.0306730178873127
right frontalpole average thickness,2.8603415,0.2029921,1.899,3.675,mm,Gaussian,2.251691005450758,3.4659173125507694
right temporalpole average thickness,3.646232,0.30031556,2.434,4.455,mm,Gaussian,2.831600167525428,4.541602428091468
right transversetemporal average thickness,2.7352936,0.1665812,2.183,3.389,mm,Gaussian,2.2490958495863684,3.225897861160965
right insula average thickness,3.0120432,0.14066143,2.505,3.435,mm,Gaussian,2.621849449812773,3.4182557418274078
left bankssts surface area,1053.381,171.567,665.0,1846.0,mm^2,None,665.0,1846.0
left caudalanteriorcingulate surface area,691.3378,147.08014,371.0,1271.0,mm^2,None,371.0,1271.0
left caudalmiddlefrontal surface area,2396.8347,413.06665,1405.0,4114.0,mm^2,Gaussian,1134.0432192069604,3563.604423977831
left cuneus surface area,1460.6046,211.71849,832.0,2241.0,mm^2,Gaussian,804.2274795162388,2097.6940819211613
left entorhinal surface area,427.5984,82.94135,264.0,827.0,mm^2,None,264.0,827.0
left fusiform surface area,3388.538,469.47345,2335.0,5810.0,mm^2,None,2335.0,5810.0
left inferiorparietal surface area,4673.493,688.3359,2917.0,6879.0,mm^2,Gaussian,2498.854640395446,6770.029380861211
left inferiortemporal surface area,3416.37,508.76016,2179.0,5703.0,mm^2,Gaussian,1806.4650933360726,4966.122555844297
left isthmuscingulate surface area,1123.5804,388.35464,641.0,3189.0,mm^2,None,641.0,3189.0
left lateraloccipital surface area,4714.4707,608.6504,3197.0,6860.0,mm^2,Gaussian,2798.9543633342037,6529.524340518816
left lateralorbitofrontal surface area,2651.3584,312.2015,1706.0,3672.0,mm^2,Gaussian,1731.6361113431913,3568.0583612157034
left lingual surface area,3100.6504,438.61618,1876.0,4880.0,mm^2,Gaussian,1725.2091449848724,4455.19288884713
left medialorbitofrontal surface area,1979.4331,300.06134,1239.0,2980.0,mm^2,Gaussian,1039.5300535226932,2882.769706436082
left middletemporal surface area,3158.1025,429.8123,1979.0,4750.0,mm^2,Gaussian,1801.3981927642076,4460.325510912959
left parahippocampal surface area,732.6361,117.83732,435.0,1495.0,mm^2,None,435.0,1495.0
left paracentral surface area,1316.363,186.98694,856.0,2068.0,mm^2,None,856.0,2068.0
left parsopercularis surface area,1708.9524,277.21228,1128.0,2868.0,mm^2,None,1128.0,2868.0
left parsorbitalis surface area,637.3639,85.98228,399.0,902.0,mm^2,Gaussian,373.8210925314711,887.6705552840074
left parstriangularis surface area,1305.3252,203.01332,865.0,2098.0,mm^2,Gaussian,677.0047836014842,1894.69164531033
left pericalcarine surface area,1476.2372,244.12674,733.0,2203.0,mm^2,Gaussian,702.9379611148506,2237.8689111620706
left postcentral surface area,4152.8516,504.40833,2872.0,6136.0,mm^2,Gaussian,2590.2235000674373,5605.767133538771
left posteriorcingulate surface area,1223.0934,191.3064,794.0,2742.0,mm^2,None,794.0,2742.0
left precentral surface area,4817.0522,558.2677,3547.0,8794.0,mm^2,None,3547.0,8794.0
left precuneus surface area,3860.433,504.3547,2554.0,5685.0,mm^2,Gaussian,2328.3009538251245,5315.642030636752
left rostralanteriorcingulate surface area,873.7682,166.77512,441.0,1457.0,mm^2,Gaussian,344.14623140965114,1379.9757857089648
left rostralmiddlefrontal surface area,6006.5635,785.45593,4049.0,8461.0,mm^2,Gaussian,3490.890333215626,8352.138615386348
left superiorfrontal surface area,7367.4106,909.0172,5087.0,10695.0,mm^2,Gaussian,4514.373576764978,10062.782201330227
left superiorparietal surface area,5495.692,688.2933,3608.0,8020.0,mm^2,Gaussian,3500.6032837039184,7396.233264666429
left superiortemporal surface area,3838.0322,467.6387,2622.0,5381.0,mm^2,Gaussian,2388.6151090751514,5186.257337431591
left supramarginal surface area,3950.2524,590.92,2338.0,6190.0,mm^2,Gaussian,2140.8770228688572,5597.169449022204
left frontalpole surface area,202.71608,35.59842,84.0,317.0,mm^2,Gaussian,96.45996746910181,305.3082595711616
left temporalpole surface area,499.32434,60.014896,331.0,725.0,mm^2,Gaussian,320.41558650613376,669.1206463606278
left transversetemporal surface area,451.42587,77.12464,285.0,735.0,mm^2,None,285.0,735.0
left insula surface area,2280.1448,277.82837,1587.0,3778.0,mm^2,None,1587.0,3778.0
right bankssts surface area,976.5957,143.95903,609.0,1568.0,mm^2,None,609.0,1568.0
right caudalanteriorcingulate surface area,828.7116,210.96158,411.0,2079.0,mm^2,None,411.0,2079.0
right caudalmiddlefrontal surface area,2216.5444,399.0597,1176.0,3666.0,mm^2,Gaussian,1022.8455294697742,3312.5803195145218
right cuneus surface area,1500.5283,231.46043,536.0,2292.0,mm^2,None,536.0,2292.0
right entorhinal surface area,361.34143,83.975334,175.0,720.0,mm^2,None,175.0,720.0
right fusiform surface area,3291.4968,468.66528,2151.0,5018.0,mm^2,Gaussian,1841.8677367471435,4653.770395931575
right inferiorparietal surface area,5619.0845,786.302,3599.0,8234.0,mm^2,Gaussian,3112.8152251474626,7983.6901972145515
right inferiortemporal surface area,3272.2354,486.94437,1969.0,4849.0,mm^2,Gaussian,1764.1749705895568,4699.231183887312
right isthmuscingulate surface area,986.02966,172.61292,597.0,2045.0,mm^2,None,597.0,2045.0
right lateraloccipital surface area,4612.2407,634.5286,3042.0,6691.0,mm^2,Gaussian,2568.28396758136,6591.708324531242
right lateralorbitofrontal surface area,2584.2722,320.15723,1647.0,3859.0,mm^2,Gaussian,1586.5933448298533,3544.349902405667
right lingual surface area,3119.8167,430.3495,1955.0,4921.0,mm^2,Gaussian,1806.6904833680637,4388.757678800004
right medialorbitofrontal surface area,1842.9839,227.89929,1161.0,2886.0,mm^2,Gaussian,1135.902392914998,2518.95387604348
right middletemporal surface area,3502.878,464.9382,2259.0,5225.0,mm^2,Gaussian,1983.4536998304588,4968.211189871154
right parahippocampal surface area,701.3845,106.909706,412.0,1232.0,mm^2,None,412.0,1232.0
right paracentral surface area,1508.8652,226.12332,1009.0,2414.0,mm^2,None,1009.0,2414.0
right parsopercularis surface area,1439.9551,247.36317,859.0,2864.0,mm^2,None,859.0,2864.0
right parsorbitalis surface area,793.956,104.461075,485.0,1121.0,mm^2,Gaussian,469.9939580491524,1103.092943296172
right parstriangularis surface area,1523.831,248.64836,913.0,2393.0,mm^2,Gaussian,752.7176484126505,2247.962580996308
right pericalcarine surface area,1614.8625,259.61557,726.0,2484.0,mm^2,Gaussian,820.2111409275094,2418.0912905187047
right postcentral surface area,3974.7449,483.4797,2744.0,6076.0,mm^2,Gaussian,2489.578887362462,5353.730128540166
right posteriorcingulate surface area,1261.4465,215.28099,773.0,2248.0,mm^2,None,773.0,2248.0
right precentral surface area,4896.3486,573.26245,3359.0,7898.0,mm^2,None,3359.0,7898.0
right precuneus surface area,4074.2417,559.9456,2576.0,6051.0,mm^2,Gaussian,2378.090749662038,5683.336781504395
right rostralanteriorcingulate surface area,674.03864,141.60243,321.0,1134.0,mm^2,Gaussian,233.5613857130038,1078.3257927104228
right rostralmiddlefrontal surface area,6238.096,818.65704,4311.0,8773.0,mm^2,Gaussian,3541.6770651236175,8789.785205290587
right superiorfrontal surface area,7208.25,900.37317,5014.0,11507.0,mm^2,Gaussian,4324.220195307683,9909.214399610137
right superiorparietal surface area,5501.7305,679.46173,3758.0,7799.0,mm^2,Gaussian,3365.4011248728293,7561.073653542113
right superiortemporal surface area,3655.2273,427.02896,2622.0,5245.0,mm^2,Gaussian,2334.6026643081673,4871.238380168585
right supramarginal surface area,3718.0737,550.5284,2207.0,5570.0,mm^2,Gaussian,1962.228241240713,5345.9597468479615
right frontalpole surface area,279.60468,46.547314,145.0,465.0,mm^2,Gaussian,131.42723776052776,422.7542156830467
right temporalpole surface area,437.65768,57.448715,279.0,642.0,mm^2,Gaussian,262.34642147796194,605.3805931238869
right transversetemporal surface area,333.3576,55.57808,196.0,545.0,mm^2,None,196.0,545.0
right insula surface area,2416.248,294.37814,1568.0,3401.0,mm^2,Gaussian,1514.7813680127435,3312.700404128913
left caudalanteriorcingulate number of vertices,1083.504,227.05002,574.0,2013.0,None,None,574.0,2013.0
left bankssts number of vertices,1510.6064,253.24216,957.0,2697.0,None,None,957.0,2697.0
left caudalmiddlefrontal number of vertices,3641.8723,632.4402,2109.0,6251.0,None,Gaussian,1696.3718660090296,5420.9789679441055
left cuneus number of vertices,2406.1204,342.05502,1380.0,3661.0,None,Gaussian,1355.412083730064,3425.867570478772
left entorhinal number of vertices,618.9048,121.723625,368.0,1209.0,None,None,368.0,1209.0
left fusiform number of vertices,4975.709,702.30225,3363.0,8740.0,None,None,3363.0,8740.0
left inferiorparietal number of vertices,7007.955,1039.4714,4477.0,10498.0,None,Gaussian,3718.047130002185,10167.731468408318
left inferiortemporal number of vertices,5087.61,763.16626,3201.0,8489.0,None,Gaussian,2706.171110224374,7377.39266969181
left isthmuscingulate number of vertices,1695.4268,541.66486,953.0,4582.0,None,None,953.0,4582.0
left lateraloccipital number of vertices,7662.997,973.0868,5105.0,11011.0,None,Gaussian,4599.088514053192,10542.327805860194
left lateralorbitofrontal number of vertices,3955.3892,469.81778,2535.0,5404.0,None,Gaussian,2553.028428725114,5346.674165891007
left lingual number of vertices,4862.6416,673.56805,3039.0,7464.0,None,Gaussian,2749.049797456439,6941.772901991011
left medialorbitofrontal number of vertices,2894.485,440.83646,1788.0,4386.0,None,Gaussian,1508.3690763583268,4231.088328611844
left middletemporal number of vertices,4730.1006,647.8481,2982.0,7137.0,None,Gaussian,2714.2247652225383,6664.8987587625
left parahippocampal number of vertices,1134.797,185.47517,647.0,2220.0,None,None,647.0,2220.0
left paracentral number of vertices,2118.9443,308.82053,1362.0,3308.0,None,None,1362.0,3308.0
left parsopercularis number of vertices,2531.523,417.47095,1654.0,4263.0,None,None,1654.0,4263.0
left parsorbitalis number of vertices,980.1195,134.1866,603.0,1416.0,None,Gaussian,567.3472936082555,1369.3160401340888
left parstriangularis number of vertices,1962.1671,314.65543,1238.0,3200.0,None,Gaussian,983.9951314481301,2887.0408521642553
left pericalcarine number of vertices,2254.229,381.4609,1098.0,3463.0,None,Gaussian,1042.4002134835405,3433.5923283165525
left postcentral number of vertices,6793.5713,828.85236,4671.0,10059.0,None,Gaussian,4236.406192467878,9187.076616684375
left posteriorcingulate number of vertices,1808.911,282.86078,1180.0,3858.0,None,None,1180.0,3858.0
left precentral number of vertices,7977.046,925.5818,5836.0,14712.0,None,None,5836.0,14712.0
left precuneus number of vertices,5683.336,748.23444,3730.0,8481.0,None,Gaussian,3428.992622055463,7820.4673104389785
left rostralanteriorcingulate number of vertices,1319.6235,245.92546,685.0,2134.0,None,Gaussian,559.2175690513445,2039.171188967941
left rostralmiddlefrontal number of vertices,8986.781,1191.4213,6040.0,12848.0,None,Gaussian,5161.46956478436,12563.412570023322
left superiorfrontal number of vertices,11103.236,1380.6318,7661.0,16346.0,None,Gaussian,6748.514952263302,15206.85178735934
left superiorparietal number of vertices,8440.27,1066.3691,5496.0,12400.0,None,Gaussian,5398.645003750876,11325.820469878461
left superiortemporal number of vertices,5828.01,721.74554,3911.0,8207.0,None,Gaussian,3588.008821910541,7892.191962059328
left supramarginal number of vertices,5869.1143,877.93085,3483.0,9316.0,None,Gaussian,3169.5948591316937,8320.24766808886
left frontalpole number of vertices,307.9425,53.974308,116.0,490.0,None,Gaussian,147.41443657188364,462.4782898255343
left temporalpole number of vertices,707.6963,86.87044,460.0,1036.0,None,Gaussian,451.81490873793405,956.9095346414374
left transversetemporal number of vertices,752.6262,139.85213,459.0,1343.0,None,None,459.0,1343.0
left insula number of vertices,3449.7727,418.82422,2371.0,5737.0,None,None,2371.0,5737.0
right bankssts number of vertices,1394.5067,211.3378,888.0,2323.0,None,None,888.0,2323.0
right caudalanteriorcingulate number of vertices,1295.6217,309.02872,646.0,2996.0,None,None,646.0,2996.0
right caudalmiddlefrontal number of vertices,3332.8042,600.279,1759.0,5578.0,None,Gaussian,1562.4431482084037,4946.807024488383
right cuneus number of vertices,2511.362,372.35007,1066.0,3840.0,None,None,1066.0,3840.0
right entorhinal number of vertices,522.96674,121.10368,254.0,1055.0,None,None,254.0,1055.0
right fusiform number of vertices,4866.3584,701.64154,3188.0,7478.0,None,Gaussian,2715.157258444423,6874.595592318653
right inferiorparietal number of vertices,8418.995,1191.037,5571.0,12569.0,None,Gaussian,4638.27121647711,11971.75324517231
right inferiortemporal number of vertices,4893.9805,732.15643,2930.0,7479.0,None,Gaussian,2610.1206946003313,7060.2472473677535
right isthmuscingulate number of vertices,1508.123,259.21005,897.0,3074.0,None,None,897.0,3074.0
right lateraloccipital number of vertices,7486.817,1021.0782,4999.0,10812.0,None,Gaussian,4181.3347684184255,10684.168533544384
right lateralorbitofrontal number of vertices,3850.824,483.927,2353.0,5778.0,None,Gaussian,2353.2190779851544,5289.81010756035
right lingual number of vertices,4925.585,650.9377,3225.0,7554.0,None,Gaussian,2961.0112475957403,6818.083019155268
right medialorbitofrontal number of vertices,2677.275,338.6099,1694.0,4236.0,None,Gaussian,1625.8298315200566,3691.0190749024514
right middletemporal number of vertices,5215.735,697.726,3348.0,7880.0,None,Gaussian,2983.8881215776128,7361.149477347806
right parahippocampal number of vertices,1087.9479,169.94681,620.0,1860.0,None,None,620.0,1860.0
right paracentral number of vertices,2432.0476,368.48013,1648.0,3870.0,None,None,1648.0,3870.0
right parsopercularis number of vertices,2128.1868,364.5847,1310.0,4135.0,None,None,1310.0,4135.0
right parsorbitalis number of vertices,1201.3954,157.52931,738.0,1733.0,None,Gaussian,705.7713913099152,1679.2599576935636
right parstriangularis number of vertices,2259.2454,377.199,1297.0,3561.0,None,Gaussian,1088.2649463336172,3370.222566478601
right pericalcarine number of vertices,2516.9058,405.95905,1234.0,3921.0,None,Gaussian,1296.85290047634,3762.205295429498
right postcentral number of vertices,6433.9424,788.94995,4389.0,10040.0,None,Gaussian,4035.9763616111545,8680.429113289129
right posteriorcingulate number of vertices,1853.3171,322.04083,1096.0,3298.0,None,None,1096.0,3298.0
right precentral number of vertices,7914.345,928.21936,5355.0,12881.0,None,None,5355.0,12881.0
right precuneus number of vertices,6032.3906,837.22485,3826.0,9128.0,None,Gaussian,3526.011265084867,8390.731267902775
right rostralanteriorcingulate number of vertices,1020.45374,204.08931,474.0,1699.0,None,Gaussian,393.8807503876012,1595.1059170565038
right rostralmiddlefrontal number of vertices,9243.744,1220.2405,6427.0,13200.0,None,Gaussian,5237.826392921758,13027.514596610737
right superiorfrontal number of vertices,10877.758,1369.1119,7552.0,17361.0,None,Gaussian,6441.358792822445,15018.911235861662
right superiorparietal number of vertices,8546.882,1079.3157,5889.0,13066.0,None,Gaussian,5162.301851714406,11814.742604224453
right superiortemporal number of vertices,5534.636,650.3579,3953.0,7954.0,None,Gaussian,3527.421171301421,7392.641887796826
right supramarginal number of vertices,5550.504,829.10126,3241.0,8349.0,None,Gaussian,2937.3603305189963,7959.27921307099
right frontalpole number of vertices,424.73227,70.15954,228.0,687.0,None,Gaussian,202.11585500752906,641.0518690873644
right temporalpole number of vertices,634.02783,83.81731,414.0,951.0,None,Gaussian,383.41473583638805,868.2938752207167
right transversetemporal number of vertices,561.575,99.01412,309.0,947.0,None,None,309.0,947.0
right insula number of vertices,3615.9712,445.76352,2423.0,5188.0,None,Gaussian,2274.7497509169657,4946.1557054211535
left caudalanteriorcingulate gray matter volume,2138.5347,517.3092,1024.0,4204.0,mm^3,None,1024.0,4204.0
left bankssts gray matter volume,2847.0432,523.8283,1583.0,5396.0,mm^3,None,1583.0,5396.0
left caudalmiddlefrontal gray matter volume,7158.8867,1298.3452,3555.0,12102.0,mm^3,Gaussian,3278.4730049084774,10793.656596621247
left cuneus gray matter volume,3463.946,535.5349,1955.0,5879.0,mm^3,Gaussian,1797.6682014140993,5072.969639806421
left entorhinal gray matter volume,1829.6909,360.51584,1060.0,3641.0,mm^3,None,1060.0,3641.0
left fusiform gray matter volume,11218.047,1653.165,6930.0,19292.0,mm^3,Gaussian,6156.915641076999,15976.899100375269
left inferiorparietal gray matter volume,13528.081,2063.409,8072.0,20777.0,mm^3,Gaussian,6986.907051830216,19825.719444032162
left inferiortemporal gray matter volume,11811.8125,1893.9783,7120.0,19938.0,mm^3,Gaussian,5934.829269817892,17385.324975948013
left isthmuscingulate gray matter volume,2741.5642,562.5544,1480.0,6569.0,mm^3,None,1480.0,6569.0
left lateraloccipital gray matter volume,12176.264,1751.7761,7828.0,18592.0,mm^3,Gaussian,6709.829089383256,17408.677907510664
left lateralorbitofrontal gray matter volume,8302.578,998.9724,5367.0,11642.0,mm^3,Gaussian,5230.941062331373,11351.71123185434
left lingual gray matter volume,7527.741,1194.3068,4056.0,12151.0,mm^3,Gaussian,3725.6391396181416,11253.356066289176
left medialorbitofrontal gray matter volume,5784.6504,793.93225,3744.0,9513.0,mm^3,Gaussian,3335.0725584909314,8136.338062840571
left middletemporal gray matter volume,11607.388,1655.3478,6373.0,18220.0,mm^3,Gaussian,6797.963840124039,16370.79209062745
left parahippocampal gray matter volume,2282.8652,361.54776,1373.0,4167.0,mm^3,None,1373.0,4167.0
left paracentral gray matter volume,3797.894,574.33093,2062.0,5838.0,mm^3,Gaussian,2063.378631166691,5402.227568075549
left parsopercularis gray matter volume,5482.353,927.9561,3267.0,9302.0,mm^3,None,3267.0,9302.0
left parsorbitalis gray matter volume,2279.8267,318.88586,1300.0,3437.0,mm^3,Gaussian,1292.2129396621683,3204.0874799060102
left parstriangularis gray matter volume,3929.0063,658.6855,2458.0,6606.0,mm^3,Gaussian,1895.840632635808,5818.502909174145
left pericalcarine gray matter volume,2820.999,509.25696,1241.0,4532.0,mm^3,Gaussian,1265.0643013085446,4357.279326089289
left postcentral gray matter volume,10553.194,1404.5618,6940.0,15952.0,mm^3,Gaussian,6246.551880388552,14614.694948322218
left posteriorcingulate gray matter volume,3553.6191,551.03723,2247.0,5664.0,mm^3,None,2247.0,5664.0
left precentral gray matter volume,14611.226,1727.8562,9506.0,23090.0,mm^3,Gaussian,9433.687325920215,19491.32980334303
left precuneus gray matter volume,10758.9795,1420.1149,6470.0,16105.0,mm^3,Gaussian,6540.488503790124,14787.331111505582
left rostralanteriorcingulate gray matter volume,3082.6587,619.54694,1572.0,5105.0,mm^3,Gaussian,1146.9303679162504,4934.0978029094385
left rostralmiddlefrontal gray matter volume,17499.385,2385.6135,11443.0,26409.0,mm^3,Gaussian,10017.663413159673,24389.997897320492
left superiorfrontal gray matter volume,24301.146,2980.3425,16105.0,38360.0,mm^3,None,16105.0,38360.0
left superiorparietal gray matter volume,13819.699,1826.7057,8777.0,20870.0,mm^3,Gaussian,8606.10859238548,18708.032299294744
left superiortemporal gray matter volume,12981.837,1669.6796,8860.0,19216.0,mm^3,Gaussian,7919.3778190409075,17607.289749584877
left supramarginal gray matter volume,11849.237,1780.5487,7017.0,17716.0,mm^3,Gaussian,6342.22044243022,16910.943771755934
left frontalpole gray matter volume,797.9389,143.67957,352.0,1415.0,mm^3,Gaussian,376.32282690656325,1194.1451700497475
left temporalpole gray matter volume,2392.1582,344.9719,1375.0,3846.0,mm^3,Gaussian,1362.3226975076514,3398.0882647208564
left transversetemporal gray matter volume,1398.5939,260.504,805.0,2229.0,mm^3,Gaussian,563.8554705162207,2153.191947698255
left insula gray matter volume,7204.957,901.0682,4686.0,11448.0,mm^3,Gaussian,4414.360511248356,9774.113107228797
right bankssts gray matter volume,2715.6108,451.2849,1519.0,4469.0,mm^3,None,1519.0,4469.0
right caudalanteriorcingulate gray matter volume,2476.5957,577.67365,1133.0,5890.0,mm^3,None,1133.0,5890.0
right caudalmiddlefrontal gray matter volume,6753.3154,1264.056,3450.0,11545.0,mm^3,Gaussian,3038.148525688148,10148.39885483412
right cuneus gray matter volume,3588.2273,601.8369,1250.0,6001.0,mm^3,None,1250.0,6001.0
right entorhinal gray matter volume,1647.1698,370.15598,669.0,3674.0,mm^3,None,669.0,3674.0
right fusiform gray matter volume,10862.024,1625.3042,6761.0,17364.0,mm^3,Gaussian,5844.260250060126,15582.757388214779
right inferiorparietal gray matter volume,16703.092,2365.4917,10261.0,25200.0,mm^3,Gaussian,9234.026424066642,23759.426563671084
right inferiortemporal gray matter volume,11557.478,1871.4153,6190.0,18084.0,mm^3,Gaussian,5729.832176316148,17050.829161289133
right isthmuscingulate gray matter volume,2568.079,455.18564,1406.0,4447.0,mm^3,None,1406.0,4447.0
right lateraloccipital gray matter volume,12132.532,1833.5494,7721.0,18259.0,mm^3,Gaussian,6126.596740741097,17970.85419543006
right lateralorbitofrontal gray matter volume,8144.7295,1004.04834,5455.0,13087.0,mm^3,Gaussian,5027.221519598787,11151.424813618418
right lingual gray matter volume,7601.199,1142.8319,4029.0,11467.0,mm^3,Gaussian,4137.771833104999,10966.20815785413
right medialorbitofrontal gray matter volume,5818.2075,741.643,4077.0,8517.0,mm^3,Gaussian,3456.225735686708,8047.130213260116
right middletemporal gray matter volume,13155.393,1867.7957,7771.0,19447.0,mm^3,Gaussian,7157.296381136918,18990.609167782888
right parahippocampal gray matter volume,2123.487,313.76306,1232.0,3659.0,mm^3,Gaussian,1171.9886190201896,3007.967299709596
right paracentral gray matter volume,4327.4043,696.628,2653.0,7051.0,mm^3,Gaussian,2161.1674893038216,6324.267013078552
right parsopercularis gray matter volume,4616.205,796.1577,2615.0,8707.0,mm^3,None,2615.0,8707.0
right parsorbitalis gray matter volume,2869.399,398.36432,1583.0,4538.0,mm^3,Gaussian,1654.4448920786735,4030.2172872018336
right parstriangularis gray matter volume,4749.053,818.6779,2464.0,7432.0,mm^3,Gaussian,2295.8630619988244,7092.565387090778
right pericalcarine gray matter volume,3151.0295,552.3283,1526.0,5273.0,mm^3,Gaussian,1509.8179878998276,4791.239268520254
right postcentral gray matter volume,10181.131,1373.8282,6756.0,15102.0,mm^3,Gaussian,6050.371518856154,14026.259119136368
right posteriorcingulate gray matter volume,3611.0198,604.91614,2084.0,6439.0,mm^3,Gaussian,1682.2995889542922,5373.785372206008
right precentral gray matter volume,14765.388,1785.1965,10037.0,21619.0,mm^3,Gaussian,9338.08209358565,19826.928166903894
right precuneus gray matter volume,11378.646,1536.8296,7100.0,17684.0,mm^3,Gaussian,6815.168774401574,15739.220112650675
right rostralanteriorcingulate gray matter volume,2391.186,536.96985,926.0,4261.0,mm^3,Gaussian,809.546104481404,3862.9447301570726
right rostralmiddlefrontal gray matter volume,18369.492,2525.6086,11971.0,27323.0,mm^3,Gaussian,10271.454493173127,26000.105316036017
right superiorfrontal gray matter volume,24022.22,2969.1736,17299.0,37680.0,mm^3,Gaussian,14839.366712222969,32501.106411222798
right superiorparietal gray matter volume,14138.973,1837.1154,9471.0,19922.0,mm^3,Gaussian,8617.821319483834,19435.10960279579
right superiortemporal gray matter volume,12668.616,1607.7874,8461.0,18592.0,mm^3,Gaussian,7754.767113659341,17089.130435283925
right supramarginal gray matter volume,11261.421,1693.9015,6916.0,18276.0,mm^3,Gaussian,5901.163340733784,16304.279418564012
right frontalpole gray matter volume,1096.9506,188.8488,550.0,2119.0,mm^3,None,550.0,2119.0
right temporalpole gray matter volume,2259.6667,351.27536,1183.0,3438.0,mm^3,Gaussian,1192.8316163967256,3295.1588716727883
right transversetemporal gray matter volume,1086.8625,206.86723,509.0,1854.0,mm^3,None,509.0,1854.0
right insula gray matter volume,7530.267,966.5993,4862.0,11043.0,mm^3,Gaussian,4555.302739363715,10382.66307375883
left bankssts thickness standard deviation,0.3991833,0.04998162,0.246,0.586,mm,Gaussian,0.24932935269912115,0.5389739036901301
left caudalanteriorcingulate thickness standard deviation,0.68990654,0.17001066,0.283,1.181,mm,None,0.28299999237060547,1.180999994277954
left caudalmiddlefrontal thickness standard deviation,0.40098473,0.044529937,0.284,0.577,mm,Gaussian,0.26859985230896755,0.5213077085817414
left cuneus thickness standard deviation,0.39190927,0.04176006,0.289,0.596,mm,None,0.289000004529953,0.5960000157356262
left entorhinal thickness standard deviation,0.7312039,0.103784844,0.472,1.113,mm,Gaussian,0.42269037635268564,1.0223565008980158
left fusiform thickness standard deviation,0.54567033,0.044544715,0.422,0.692,mm,Gaussian,0.4175962645090725,0.669499342413381
left inferiorparietal thickness standard deviation,0.4066469,0.03147903,0.318,0.544,mm,Gaussian,0.3122236448540858,0.4960548868980308
left inferiortemporal thickness standard deviation,0.5597673,0.047462557,0.454,0.765,mm,Gaussian,0.4064933302171188,0.7051811292812356
left isthmuscingulate thickness standard deviation,0.87355167,0.14347142,0.518,1.447,mm,None,0.5180000066757202,1.4470000267028809
left lateraloccipital thickness standard deviation,0.43387064,0.03417059,0.334,0.567,mm,Gaussian,0.3348083485772293,0.5275851078418431
left lateralorbitofrontal thickness standard deviation,0.5283738,0.05447604,0.403,0.819,mm,None,0.40299999713897705,0.8190000057220459
left lingual thickness standard deviation,0.5181312,0.045153297,0.376,0.706,mm,None,0.37599998712539673,0.7059999704360962
left medialorbitofrontal thickness standard deviation,0.7664312,0.14122641,0.419,1.161,mm,None,0.4189999997615814,1.1610000133514404
left middletemporal thickness standard deviation,0.5327062,0.044557873,0.378,0.695,mm,Gaussian,0.3949308628929006,0.6637709984139176
left parahippocampal thickness standard deviation,0.66006196,0.11757798,0.38,1.025,mm,Gaussian,0.2832373573035327,1.026599054378798
left paracentral thickness standard deviation,0.4971536,0.049959075,0.34,0.645,mm,Gaussian,0.34601432958588013,0.6459049533487586
left parsopercularis thickness standard deviation,0.4313513,0.045124184,0.321,0.628,mm,Gaussian,0.2875733482453403,0.5658232012672536
left parsorbitalis thickness standard deviation,0.45376998,0.05914478,0.314,1.032,mm,None,0.3140000104904175,1.031999945640564
left parstriangularis thickness standard deviation,0.42333332,0.041424558,0.313,0.585,mm,Gaussian,0.3008139472649344,0.5377937192669419
left pericalcarine thickness standard deviation,0.41991374,0.045760144,0.308,0.65,mm,None,0.30799999833106995,0.6499999761581421
left postcentral thickness standard deviation,0.5136496,0.04307268,0.339,0.7,mm,None,0.33899998664855957,0.699999988079071
left posteriorcingulate thickness standard deviation,0.7255993,0.10940588,0.414,1.31,mm,None,0.414000004529953,1.309999942779541
left precentral thickness standard deviation,0.46538725,0.038898055,0.363,0.647,mm,None,0.3630000054836273,0.6470000147819519
left precuneus thickness standard deviation,0.47322822,0.0363038,0.364,0.615,mm,Gaussian,0.3642003150312952,0.5795526838601675
left rostralanteriorcingulate thickness standard deviation,0.67613477,0.14440416,0.409,1.298,mm,None,0.4090000092983246,1.2979999780654907
left rostralmiddlefrontal thickness standard deviation,0.4225741,0.03668807,0.311,0.688,mm,None,0.3109999895095825,0.6880000233650208
left superiorfrontal thickness standard deviation,0.5293639,0.042414967,0.416,0.692,mm,Gaussian,0.4017106359262514,0.649517780751202
left superiorparietal thickness standard deviation,0.3649569,0.027930474,0.289,0.477,mm,Gaussian,0.2817693254501723,0.44138932394962727
left superiortemporal thickness standard deviation,0.54460824,0.042573076,0.419,0.661,mm,Gaussian,0.42002630328032275,0.6657345412164467
left supramarginal thickness standard deviation,0.4419973,0.035915732,0.341,0.608,mm,Gaussian,0.34003496413705925,0.5388241956555011
left frontalpole thickness standard deviation,0.4366334,0.08247787,0.23,0.82,mm,None,0.23000000417232513,0.8199999928474426
left temporalpole thickness standard deviation,0.6680449,0.10504691,0.413,1.088,mm,Gaussian,0.34519759682110035,0.9700266115322027
left transversetemporal thickness standard deviation,0.36121294,0.06591157,0.222,0.626,mm,None,0.22200000286102295,0.6259999871253967
left insula thickness standard deviation,0.7838931,0.0887164,0.596,1.249,mm,None,0.5960000157356262,1.2489999532699585
right bankssts thickness standard deviation,0.39608088,0.047961846,0.258,0.584,mm,Gaussian,0.25318753377878667,0.5328055878490355
right caudalanteriorcingulate thickness standard deviation,0.86729825,0.14732368,0.36,1.548,mm,None,0.36000001430511475,1.5479999780654907
right caudalmiddlefrontal thickness standard deviation,0.4037718,0.04980797,0.294,0.697,mm,None,0.2939999997615814,0.6970000267028809
right cuneus thickness standard deviation,0.4053576,0.04834019,0.279,0.569,mm,None,0.27900001406669617,0.5690000057220459
right entorhinal thickness standard deviation,0.7406254,0.10318246,0.44,1.41,mm,None,0.4399999976158142,1.409999966621399
right fusiform thickness standard deviation,0.5462713,0.042734288,0.406,0.69,mm,Gaussian,0.4167631140677252,0.6728751146198282
right inferiorparietal thickness standard deviation,0.41781223,0.032515913,0.331,0.561,mm,None,0.3310000002384186,0.5609999895095825
right inferiortemporal thickness standard deviation,0.57649684,0.048737023,0.442,0.738,mm,Gaussian,0.42846103003645286,0.7151668897807613
right isthmuscingulate thickness standard deviation,0.8549865,0.105614565,0.542,1.346,mm,None,0.5419999957084656,1.3459999561309814
right lateraloccipital thickness standard deviation,0.4476002,0.03885265,0.339,0.592,mm,Gaussian,0.33166583947096884,0.5571859975275757
right lateralorbitofrontal thickness standard deviation,0.5765229,0.07858578,0.413,1.004,mm,None,0.4129999876022339,1.003999948501587
right lingual thickness standard deviation,0.53117704,0.047492903,0.406,0.741,mm,Gaussian,0.38774890367166515,0.6712377810550122
right medialorbitofrontal thickness standard deviation,0.57183194,0.071818106,0.397,1.02,mm,None,0.3970000147819519,1.0199999809265137
right middletemporal thickness standard deviation,0.5445427,0.042517394,0.396,0.702,mm,Gaussian,0.4136316853023869,0.6720492574201344
right parahippocampal thickness standard deviation,0.640726,0.106307745,0.372,1.028,mm,Gaussian,0.29911133481485397,0.9672147405511202
right paracentral thickness standard deviation,0.4856433,0.047810305,0.35,0.66,mm,Gaussian,0.33916579311729456,0.6256470875801232
right parsopercularis thickness standard deviation,0.42264155,0.05000063,0.284,0.647,mm,None,0.2840000092983246,0.6470000147819519
right parsorbitalis thickness standard deviation,0.47667477,0.058975305,0.339,0.89,mm,None,0.33899998664855957,0.8899999856948853
right parstriangularis thickness standard deviation,0.43797395,0.041053515,0.323,0.589,mm,Gaussian,0.31472500705027556,0.5532166685581519
right pericalcarine thickness standard deviation,0.43240613,0.045299526,0.311,0.64,mm,None,0.3109999895095825,0.6399999856948853
right postcentral thickness standard deviation,0.5156379,0.04372029,0.395,0.706,mm,Gaussian,0.3796490794542773,0.647121847735654
right posteriorcingulate thickness standard deviation,0.8033154,0.11340947,0.474,1.466,mm,None,0.4740000069141388,1.465999960899353
right precentral thickness standard deviation,0.47141865,0.040375717,0.359,0.656,mm,None,0.35899999737739563,0.656000018119812
right precuneus thickness standard deviation,0.4783216,0.035626605,0.371,0.614,mm,Gaussian,0.371891060720682,0.5806415361286836
right rostralanteriorcingulate thickness standard deviation,0.70712763,0.13274968,0.36,1.409,mm,None,0.36000001430511475,1.409000039100647
right rostralmiddlefrontal thickness standard deviation,0.42439982,0.037005197,0.315,0.693,mm,None,0.3149999976158142,0.6930000185966492
right superiorfrontal thickness standard deviation,0.52305573,0.04250789,0.39,0.697,mm,Gaussian,0.3945105779776068,0.644617817624531
right superiorparietal thickness standard deviation,0.36672777,0.027658366,0.297,0.471,mm,Gaussian,0.2851260734594546,0.4434132761673326
right superiortemporal thickness standard deviation,0.54513294,0.04293712,0.433,0.694,mm,Gaussian,0.41897287516072707,0.6664574786871911
right supramarginal thickness standard deviation,0.45243576,0.03709098,0.353,0.644,mm,None,0.3529999852180481,0.6439999938011169
right frontalpole thickness standard deviation,0.4447673,0.07635985,0.234,0.78,mm,None,0.23399999737739563,0.7799999713897705
right temporalpole thickness standard deviation,0.63684094,0.11198103,0.372,1.187,mm,None,0.3720000088214874,1.187000036239624
right transversetemporal thickness standard deviation,0.34360018,0.06670099,0.212,0.731,mm,None,0.21199999749660492,0.7310000061988831
right insula thickness standard deviation,0.8348373,0.08863206,0.626,1.217,mm,None,0.6259999871253967,1.2170000076293945
left bankssts integrated rectified mean curvature,0.12856962,0.013580972,0.081,0.175,mm^-1,Gaussian,0.08882714846270337,0.1681765702651072
left caudalanteriorcingulate integrated rectified mean curvature,0.16683647,0.015734723,0.111,0.235,mm^-1,Gaussian,0.11914516157514818,0.21317096422265083
left caudalmiddlefrontal integrated rectified mean curvature,0.14192453,0.011078243,0.112,0.184,mm^-1,Gaussian,0.10683248702239467,0.1745987085736735
left cuneus integrated rectified mean curvature,0.171469,0.012386744,0.135,0.221,mm^-1,Gaussian,0.1319707503117254,0.20893907325358568
left entorhinal integrated rectified mean curvature,0.199708,0.03354773,0.134,0.331,mm^-1,None,0.1340000033378601,0.3310000002384186
left fusiform integrated rectified mean curvature,0.17187782,0.013427432,0.143,0.214,mm^-1,Gaussian,0.12546956864320175,0.21370995974439783
left inferiorparietal integrated rectified mean curvature,0.15054719,0.008376569,0.127,0.178,mm^-1,Gaussian,0.12338992706808011,0.17689756635141674
left inferiortemporal integrated rectified mean curvature,0.16336298,0.012561129,0.129,0.203,mm^-1,Gaussian,0.12317475597919539,0.20160141613457097
left isthmuscingulate integrated rectified mean curvature,0.18807009,0.018360484,0.122,0.247,mm^-1,Gaussian,0.13458216829282665,0.23920939640061495
left lateraloccipital integrated rectified mean curvature,0.15436298,0.00799884,0.132,0.179,mm^-1,Gaussian,0.13044687870611027,0.17725308767197917
left lateralorbitofrontal integrated rectified mean curvature,0.17549954,0.01382363,0.143,0.227,mm^-1,Gaussian,0.13007220372237724,0.2164782132722702
left lingual integrated rectified mean curvature,0.17884995,0.014669462,0.139,0.232,mm^-1,Gaussian,0.13157212473572608,0.2219631329817955
left medialorbitofrontal integrated rectified mean curvature,0.1935265,0.022372479,0.145,0.655,mm^-1,None,0.14499999582767487,0.6549999713897705
left middletemporal integrated rectified mean curvature,0.15869631,0.010754609,0.127,0.199,mm^-1,Gaussian,0.12567158834909256,0.18990559669704657
left parahippocampal integrated rectified mean curvature,0.16065857,0.02627367,0.103,0.242,mm^-1,Gaussian,0.07052452008495602,0.24410906255052328
left paracentral integrated rectified mean curvature,0.1381779,0.015253673,0.101,0.185,mm^-1,Gaussian,0.08708052558989939,0.18414715626595535
left parsopercularis integrated rectified mean curvature,0.15062265,0.01229926,0.122,0.199,mm^-1,Gaussian,0.11192722152473049,0.18761632667094152
left parsorbitalis integrated rectified mean curvature,0.17679785,0.016093547,0.127,0.255,mm^-1,None,0.12700000405311584,0.2549999952316284
left parstriangularis integrated rectified mean curvature,0.1532417,0.011878086,0.118,0.199,mm^-1,Gaussian,0.11637936802803667,0.18818491835081208
left pericalcarine integrated rectified mean curvature,0.15936299,0.016216787,0.12,0.251,mm^-1,None,0.11999999731779099,0.25099998712539673
left postcentral integrated rectified mean curvature,0.1375795,0.010190866,0.112,0.173,mm^-1,None,0.1120000034570694,0.17299999296665192
left posteriorcingulate integrated rectified mean curvature,0.18337557,0.013500558,0.15,0.229,mm^-1,Gaussian,0.13894151052645276,0.22558999463722879
left precentral integrated rectified mean curvature,0.1328248,0.012782401,0.105,0.187,mm^-1,None,0.10499999672174454,0.18700000643730164
left precuneus integrated rectified mean curvature,0.16172867,0.010450502,0.131,0.198,mm^-1,Gaussian,0.1281161668333013,0.19343097081543464
left rostralanteriorcingulate integrated rectified mean curvature,0.18575831,0.017738594,0.137,0.277,mm^-1,Gaussian,0.13030365648735012,0.2388507425940646
left rostralmiddlefrontal integrated rectified mean curvature,0.16477808,0.009546979,0.142,0.209,mm^-1,Gaussian,0.13498802088199477,0.19250989293889012
left superiorfrontal integrated rectified mean curvature,0.15509614,0.011601062,0.128,0.198,mm^-1,None,0.12800000607967377,0.1979999989271164
left superiorparietal integrated rectified mean curvature,0.14537017,0.008363995,0.123,0.179,mm^-1,None,0.12300000339746475,0.17900000512599945
left superiortemporal integrated rectified mean curvature,0.1420611,0.012369057,0.108,0.183,mm^-1,Gaussian,0.10048073244220374,0.18058006226538076
left supramarginal integrated rectified mean curvature,0.15323989,0.008532004,0.132,0.183,mm^-1,Gaussian,0.12848708291288027,0.17652295870895732
left frontalpole integrated rectified mean curvature,0.21849146,0.023069179,0.152,0.307,mm^-1,None,0.15199999511241913,0.3070000112056732
left temporalpole integrated rectified mean curvature,0.21773764,0.033719063,0.146,0.349,mm^-1,None,0.1459999978542328,0.3490000069141388
left transversetemporal integrated rectified mean curvature,0.15626234,0.019614099,0.108,0.227,mm^-1,Gaussian,0.09651177492382798,0.21227910366450223
left insula integrated rectified mean curvature,0.18063703,0.020219047,0.133,0.389,mm^-1,None,0.13300000131130219,0.3889999985694885
right bankssts integrated rectified mean curvature,0.13232975,0.013648915,0.086,0.181,mm^-1,Gaussian,0.09230029654427974,0.17337145436405593
right caudalanteriorcingulate integrated rectified mean curvature,0.16906379,0.015791046,0.106,0.237,mm^-1,None,0.10599999874830246,0.2370000034570694
right caudalmiddlefrontal integrated rectified mean curvature,0.14297575,0.011778822,0.114,0.19,mm^-1,None,0.11400000005960464,0.1899999976158142
right cuneus integrated rectified mean curvature,0.1717053,0.01257907,0.132,0.232,mm^-1,None,0.13199999928474426,0.23199999332427979
right entorhinal integrated rectified mean curvature,0.1970548,0.032391664,0.131,0.311,mm^-1,None,0.13099999725818634,0.3109999895095825
right fusiform integrated rectified mean curvature,0.16756605,0.0130819315,0.138,0.211,mm^-1,Gaussian,0.12243325627625407,0.2080247929220294
right inferiorparietal integrated rectified mean curvature,0.15132524,0.008350813,0.127,0.181,mm^-1,Gaussian,0.1257936274822175,0.17562769664014832
right inferiortemporal integrated rectified mean curvature,0.16252111,0.012619091,0.13,0.206,mm^-1,Gaussian,0.12136633360824609,0.20117259696674808
right isthmuscingulate integrated rectified mean curvature,0.18758132,0.015889695,0.136,0.276,mm^-1,None,0.13600000739097595,0.2759999930858612
right lateraloccipital integrated rectified mean curvature,0.15523809,0.008168371,0.134,0.191,mm^-1,None,0.1340000033378601,0.19099999964237213
right lateralorbitofrontal integrated rectified mean curvature,0.1809353,0.014267856,0.149,0.258,mm^-1,None,0.14900000393390656,0.257999986410141
right lingual integrated rectified mean curvature,0.18210243,0.015018956,0.149,0.238,mm^-1,Gaussian,0.1305528792125881,0.228642565318224
right medialorbitofrontal integrated rectified mean curvature,0.18100269,0.01457949,0.138,0.247,mm^-1,Gaussian,0.13608939867629832,0.2227068712748551
right middletemporal integrated rectified mean curvature,0.15558939,0.010501159,0.129,0.195,mm^-1,Gaussian,0.12341943596888148,0.1865873914998224
right parahippocampal integrated rectified mean curvature,0.15956065,0.025321227,0.105,0.368,mm^-1,None,0.10499999672174454,0.36800000071525574
right paracentral integrated rectified mean curvature,0.13969631,0.015011986,0.105,0.191,mm^-1,None,0.10499999672174454,0.19099999964237213
right parsopercularis integrated rectified mean curvature,0.15243396,0.012405524,0.118,0.201,mm^-1,Gaussian,0.1145689523071185,0.18701802210253543
right parsorbitalis integrated rectified mean curvature,0.17716353,0.014745222,0.136,0.284,mm^-1,None,0.13600000739097595,0.2840000092983246
right parstriangularis integrated rectified mean curvature,0.15725876,0.011542393,0.129,0.201,mm^-1,Gaussian,0.12187284831881048,0.1914003070863424
right pericalcarine integrated rectified mean curvature,0.16071428,0.0183893,0.114,0.257,mm^-1,None,0.11400000005960464,0.25699999928474426
right postcentral integrated rectified mean curvature,0.13688411,0.010577997,0.113,0.173,mm^-1,Gaussian,0.1025292544147102,0.1679054683610575
right posteriorcingulate integrated rectified mean curvature,0.18270981,0.014174794,0.134,0.23,mm^-1,Gaussian,0.1409672885173384,0.22265200479302735
right precentral integrated rectified mean curvature,0.13360916,0.01228506,0.109,0.183,mm^-1,None,0.10899999737739563,0.18299999833106995
right precuneus integrated rectified mean curvature,0.160823,0.010227692,0.135,0.199,mm^-1,Gaussian,0.12758103324145828,0.1910986579210273
right rostralanteriorcingulate integrated rectified mean curvature,0.1880638,0.018257627,0.123,0.252,mm^-1,Gaussian,0.13638478714411656,0.23801441877224894
right rostralmiddlefrontal integrated rectified mean curvature,0.16712579,0.009885434,0.143,0.204,mm^-1,Gaussian,0.13668151915803076,0.1957406777651127
right superiorfrontal integrated rectified mean curvature,0.15629292,0.011726001,0.13,0.208,mm^-1,None,0.12999999523162842,0.20800000429153442
right superiorparietal integrated rectified mean curvature,0.1441195,0.008521686,0.121,0.171,mm^-1,Gaussian,0.11876335298975846,0.16820997928667
right superiortemporal integrated rectified mean curvature,0.14045462,0.0126434965,0.108,0.186,mm^-1,Gaussian,0.09878823619872279,0.1792528645152922
right supramarginal integrated rectified mean curvature,0.15203054,0.009177933,0.124,0.18,mm^-1,Gaussian,0.12406949419869676,0.17860075659673827
right frontalpole integrated rectified mean curvature,0.22238185,0.022303766,0.156,0.315,mm^-1,None,0.15600000321865082,0.3149999976158142
right temporalpole integrated rectified mean curvature,0.22218867,0.03287894,0.154,0.344,mm^-1,None,0.15399999916553497,0.3440000116825104
right transversetemporal integrated rectified mean curvature,0.15866937,0.0187415,0.082,0.266,mm^-1,None,0.0820000022649765,0.26600000262260437
right insula integrated rectified mean curvature,0.19789937,0.01993121,0.153,0.262,mm^-1,Gaussian,0.13017619794652324,0.2610457587352192
